{
  "seed": "#5459D1",
  "name": "material-theme",
  "description": "TYPE: DYNAMIC",
  "baseline": false,
  "extendedColors": [],
  "coreColors": {
    "primary": "#5459D1"
  },
  "schemes": {
    "light": {
      "primary": "#4b4fc7",
      "onPrimary": "#ffffff",
      "primaryContainer": "#e1e0ff",
      "onPrimaryContainer": "#04006d",
      "primaryFixed": "#e1e0ff",
      "onPrimaryFixed": "#04006d",
      "primaryFixedDim": "#c0c1ff",
      "onPrimaryFixedVariant": "#3135af",
      "secondary": "#5c5d72",
      "onSecondary": "#ffffff",
      "secondaryContainer": "#e2e0f9",
      "onSecondaryContainer": "#191a2c",
      "secondaryFixed": "#e2e0f9",
      "onSecondaryFixed": "#191a2c",
      "secondaryFixedDim": "#c5c4dd",
      "onSecondaryFixedVariant": "#454559",
      "tertiary": "#79536a",
      "onTertiary": "#ffffff",
      "tertiaryContainer": "#ffd8ed",
      "onTertiaryContainer": "#2e1125",
      "tertiaryFixed": "#ffd8ed",
      "onTertiaryFixed": "#2e1125",
      "tertiaryFixedDim": "#e8b9d4",
      "onTertiaryFixedVariant": "#5f3c52",
      "error": "#ba1a1a",
      "errorContainer": "#ffdad6",
      "onError": "#ffffff",
      "onErrorContainer": "#410002",
      "background": "#fffbff",
      "onBackground": "#1c1b1f",
      "outline": "#777680",
      "inverseOnSurface": "#f3eff4",
      "inverseSurface": "#313034",
      "inversePrimary": "#c0c1ff",
      "shadow": "#000000",
      "surfaceTint": "#4b4fc7",
      "outlineVariant": "#c7c5d0",
      "scrim": "#000000",
      "surface": "#fcf8fd",
      "onSurface": "#1c1b1f",
      "surfaceVariant": "#e4e1ec",
      "onSurfaceVariant": "#46464f",
      "surfaceContainerHighest": "#e5e1e6",
      "surfaceContainerHigh": "#eae7ec",
      "surfaceContainer": "#f0edf1",
      "surfaceContainerLow": "#f6f2f7",
      "surfaceContainerLowest": "#ffffff",
      "surfaceDim": "#dcd9de",
      "surfaceBright": "#fcf8fd"
    },
    "dark": {
      "primary": "#c0c1ff",
      "onPrimary": "#151599",
      "primaryContainer": "#3135af",
      "onPrimaryContainer": "#e1e0ff",
      "primaryFixed": "#e1e0ff",
      "onPrimaryFixed": "#04006d",
      "primaryFixedDim": "#c0c1ff",
      "onPrimaryFixedVariant": "#3135af",
      "secondary": "#c5c4dd",
      "onSecondary": "#2e2f42",
      "secondaryContainer": "#454559",
      "onSecondaryContainer": "#e2e0f9",
      "secondaryFixed": "#e2e0f9",
      "onSecondaryFixed": "#191a2c",
      "secondaryFixedDim": "#c5c4dd",
      "onSecondaryFixedVariant": "#454559",
      "tertiary": "#e8b9d4",
      "onTertiary": "#46263b",
      "tertiaryContainer": "#5f3c52",
      "onTertiaryContainer": "#ffd8ed",
      "tertiaryFixed": "#ffd8ed",
      "onTertiaryFixed": "#2e1125",
      "tertiaryFixedDim": "#e8b9d4",
      "onTertiaryFixedVariant": "#5f3c52",
      "error": "#ffb4ab",
      "errorContainer": "#93000a",
      "onError": "#690005",
      "onErrorContainer": "#ffdad6",
      "background": "#1c1b1f",
      "onBackground": "#e5e1e6",
      "outline": "#918f9a",
      "inverseOnSurface": "#1c1b1f",
      "inverseSurface": "#e5e1e6",
      "inversePrimary": "#4b4fc7",
      "shadow": "#000000",
      "surfaceTint": "#c0c1ff",
      "outlineVariant": "#46464f",
      "scrim": "#000000",
      "surface": "#131316",
      "onSurface": "#c8c5ca",
      "surfaceVariant": "#46464f",
      "onSurfaceVariant": "#c7c5d0",
      "surfaceContainerHighest": "#353438",
      "surfaceContainerHigh": "#2a292d",
      "surfaceContainer": "#201f23",
      "surfaceContainerLow": "#1c1b1f",
      "surfaceContainerLowest": "#0e0e11",
      "surfaceDim": "#131316",
      "surfaceBright": "#39393c"
    },
    "androidLight": {
      "colorAccentPrimary": "#e1e0ff",
      "colorAccentPrimaryVariant": "#4b4fc7",
      "colorAccentSecondary": "#e2e0f9",
      "colorAccentSecondaryVariant": "#5c5d72",
      "colorAccentTertiary": "#ffd8ed",
      "colorAccentTertiaryVariant": "#79536a",
      "textColorPrimary": "#1c1b1f",
      "textColorSecondary": "#46464f",
      "textColorTertiary": "#777680",
      "textColorPrimaryInverse": "#f3eff4",
      "textColorSecondaryInverse": "#c8c5ca",
      "textColorTertiaryInverse": "#929094",
      "colorBackground": "#f3eff4",
      "colorBackgroundFloating": "#fcf8fd",
      "colorSurface": "#fcf8fd",
      "colorSurfaceVariant": "#e5e1e6",
      "colorSurfaceHighlight": "#ffffff",
      "surfaceHeader": "#e5e1e6",
      "underSurface": "#000000",
      "offState": "#313034",
      "accentSurface": "#f2effa",
      "textPrimaryOnAccent": "#1c1b1f",
      "textSecondaryOnAccent": "#46464f",
      "volumeBackground": "#3c3b3f",
      "scrim": "#c8c5ca"
    },
    "androidDark": {
      "colorAccentPrimary": "#e1e0ff",
      "colorAccentPrimaryVariant": "#9fa3ff",
      "colorAccentSecondary": "#e2e0f9",
      "colorAccentSecondaryVariant": "#aaa9c1",
      "colorAccentTertiary": "#ffd8ed",
      "colorAccentTertiaryVariant": "#cb9eb8",
      "textColorPrimary": "#f3eff4",
      "textColorSecondary": "#c7c5d0",
      "textColorTertiary": "#918f9a",
      "textColorPrimaryInverse": "#1c1b1f",
      "textColorSecondaryInverse": "#47464a",
      "textColorTertiaryInverse": "#78767a",
      "colorBackground": "#1c1b1f",
      "colorBackgroundFloating": "#1c1b1f",
      "colorSurface": "#313034",
      "colorSurfaceVariant": "#47464a",
      "colorSurfaceHighlight": "#535256",
      "surfaceHeader": "#47464a",
      "underSurface": "#000000",
      "offState": "#313034",
      "accentSurface": "#f2effa",
      "textPrimaryOnAccent": "#1c1b1f",
      "textSecondaryOnAccent": "#46464f",
      "volumeBackground": "#3c3b3f",
      "scrim": "#c8c5ca"
    }
  },
  "palettes": {
    "primary": [
      "#000000",
      null,
      null,
      null,
      "#010045",
      "#02004d",
      "#020055",
      null,
      null,
      null,
      "#04006d",
      null,
      "#050079",
      null,
      null,
      null,
      null,
      "#0a0494",
      null,
      null,
      "#151599",
      null,
      "#1b1c9d",
      null,
      "#2123a1",
      "#2426a3",
      null,
      null,
      null,
      null,
      "#3135af",
      null,
      null,
      null,
      null,
      "#3e42bb",
      null,
      null,
      null,
      null,
      "#4b4fc7",
      null,
      null,
      null,
      null,
      null,
      null,
      null,
      null,
      null,
      "#646ae2",
      null,
      null,
      null,
      null,
      null,
      null,
      null,
      null,
      null,
      "#7e84fe",
      null,
      null,
      null,
      null,
      null,
      null,
      null,
      null,
      null,
      "#9fa3ff",
      null,
      null,
      null,
      null,
      null,
      null,
      null,
      null,
      null,
      "#c0c1ff",
      null,
      null,
      null,
      null,
      null,
      null,
      "#d7d7ff",
      null,
      null,
      "#e1e0ff",
      null,
      "#e7e6ff",
      null,
      "#eeecff",
      "#f1efff",
      "#f5f2ff",
      null,
      "#fbf8ff",
      "#fffbff",
      "#ffffff"
    ],
    "secondary": [
      "#000000",
      null,
      null,
      null,
      "#0c0c1e",
      "#0e0f21",
      "#111223",
      null,
      null,
      null,
      "#191a2c",
      null,
      "#1d1e30",
      null,
      null,
      null,
      null,
      "#28283b",
      null,
      null,
      "#2e2f42",
      null,
      "#333346",
      null,
      "#37384b",
      "#393a4d",
      null,
      null,
      null,
      null,
      "#454559",
      null,
      null,
      null,
      null,
      "#505165",
      null,
      null,
      null,
      null,
      "#5c5d72",
      null,
      null,
      null,
      null,
      null,
      null,
      null,
      null,
      null,
      "#75758b",
      null,
      null,
      null,
      null,
      null,
      null,
      null,
      null,
      null,
      "#8f8fa5",
      null,
      null,
      null,
      null,
      null,
      null,
      null,
      null,
      null,
      "#aaa9c1",
      null,
      null,
      null,
      null,
      null,
      null,
      null,
      null,
      null,
      "#c5c4dd",
      null,
      null,
      null,
      null,
      null,
      null,
      "#d9d8f1",
      null,
      null,
      "#e2e0f9",
      null,
      "#e7e6ff",
      null,
      "#eeecff",
      "#f1efff",
      "#f5f2ff",
      null,
      "#fbf8ff",
      "#fffbff",
      "#ffffff"
    ],
    "tertiary": [
      "#000000",
      null,
      null,
      null,
      "#1e0517",
      "#22071a",
      "#25091d",
      null,
      null,
      null,
      "#2e1125",
      null,
      "#331529",
      null,
      null,
      null,
      null,
      "#3f2034",
      null,
      null,
      "#46263b",
      null,
      "#4b2a3f",
      null,
      "#502e44",
      "#523146",
      null,
      null,
      null,
      null,
      "#5f3c52",
      null,
      null,
      null,
      null,
      "#6c475e",
      null,
      null,
      null,
      null,
      "#79536a",
      null,
      null,
      null,
      null,
      null,
      null,
      null,
      null,
      null,
      "#936b83",
      null,
      null,
      null,
      null,
      null,
      null,
      null,
      null,
      null,
      "#af849d",
      null,
      null,
      null,
      null,
      null,
      null,
      null,
      null,
      null,
      "#cb9eb8",
      null,
      null,
      null,
      null,
      null,
      null,
      null,
      null,
      null,
      "#e8b9d4",
      null,
      null,
      null,
      null,
      null,
      null,
      "#fdcce8",
      null,
      null,
      "#ffd8ed",
      null,
      "#ffe0f0",
      null,
      "#ffe8f2",
      "#ffecf4",
      "#fff0f6",
      null,
      "#fff8f9",
      "#fffbff",
      "#ffffff"
    ],
    "neutral": [
      "#000000",
      null,
      null,
      null,
      "#0e0e11",
      "#111114",
      "#131316",
      null,
      null,
      null,
      "#1c1b1f",
      null,
      "#201f23",
      null,
      null,
      null,
      null,
      "#2a292d",
      null,
      null,
      "#313034",
      null,
      "#353438",
      null,
      "#39393c",
      "#3c3b3f",
      null,
      null,
      null,
      null,
      "#47464a",
      null,
      null,
      null,
      null,
      "#535256",
      null,
      null,
      null,
      null,
      "#5f5e62",
      null,
      null,
      null,
      null,
      null,
      null,
      null,
      null,
      null,
      "#78767a",
      null,
      null,
      null,
      null,
      null,
      null,
      null,
      null,
      null,
      "#929094",
      null,
      null,
      null,
      null,
      null,
      null,
      null,
      null,
      null,
      "#adaaaf",
      null,
      null,
      null,
      null,
      null,
      null,
      null,
      null,
      null,
      "#c8c5ca",
      null,
      null,
      null,
      null,
      null,
      null,
      "#dcd9de",
      null,
      null,
      "#e5e1e6",
      null,
      "#eae7ec",
      null,
      "#f0edf1",
      "#f3eff4",
      "#f6f2f7",
      null,
      "#fcf8fd",
      "#fffbff",
      "#ffffff"
    ],
    "neutralVariant": [
      "#000000",
      null,
      null,
      null,
      "#0d0e15",
      "#101018",
      "#13131a",
      null,
      null,
      null,
      "#1b1b23",
      null,
      "#1f1f27",
      null,
      null,
      null,
      null,
      "#292931",
      null,
      null,
      "#303038",
      null,
      "#34343c",
      null,
      "#393841",
      "#3b3b43",
      null,
      null,
      null,
      null,
      "#46464f",
      null,
      null,
      null,
      null,
      "#52515b",
      null,
      null,
      null,
      null,
      "#5e5d67",
      null,
      null,
      null,
      null,
      null,
      null,
      null,
      null,
      null,
      "#777680",
      null,
      null,
      null,
      null,
      null,
      null,
      null,
      null,
      null,
      "#918f9a",
      null,
      null,
      null,
      null,
      null,
      null,
      null,
      null,
      null,
      "#acaab4",
      null,
      null,
      null,
      null,
      null,
      null,
      null,
      null,
      null,
      "#c7c5d0",
      null,
      null,
      null,
      null,
      null,
      null,
      "#dbd8e4",
      null,
      null,
      "#e4e1ec",
      null,
      "#e9e7f2",
      null,
      "#efecf8",
      "#f2effa",
      "#f5f2fd",
      null,
      "#fbf8ff",
      "#fffbff",
      "#ffffff"
    ],
    "error": [
      "#000000",
      null,
      null,
      null,
      "#280001",
      "#2d0001",
      "#310001",
      null,
      null,
      null,
      "#410002",
      null,
      "#490002",
      null,
      null,
      null,
      null,
      "#5c0004",
      null,
      null,
      "#690005",
      null,
      "#710005",
      null,
      "#790006",
      "#7e0007",
      null,
      null,
      null,
      null,
      "#93000a",
      null,
      null,
      null,
      null,
      "#a80710",
      null,
      null,
      null,
      null,
      "#ba1a1a",
      null,
      null,
      null,
      null,
      null,
      null,
      null,
      null,
      null,
      "#de3730",
      null,
      null,
      null,
      null,
      null,
      null,
      null,
      null,
      null,
      "#ff5449",
      null,
      null,
      null,
      null,
      null,
      null,
      null,
      null,
      null,
      "#ff897d",
      null,
      null,
      null,
      null,
      null,
      null,
      null,
      null,
      null,
      "#ffb4ab",
      null,
      null,
      null,
      null,
      null,
      null,
      "#ffcfc9",
      null,
      null,
      "#ffdad6",
      null,
      "#ffe2de",
      null,
      "#ffe9e6",
      "#ffedea",
      "#fff0ee",
      null,
      "#fff8f7",
      "#fffbff",
      "#ffffff"
    ]
  },
  "styles": {
    "display": {
      "large": {
        "fontFamilyName": "Roboto",
        "fontFamilyStyle": "Regular",
        "fontWeight": 400,
        "fontSize": 57,
        "lineHeight": 64,
        "letterSpacing": -0.25
      },
      "medium": {
        "fontFamilyName": "Roboto",
        "fontFamilyStyle": "Regular",
        "fontWeight": 400,
        "fontSize": 45,
        "lineHeight": 52,
        "letterSpacing": 0
      },
      "small": {
        "fontFamilyName": "Roboto",
        "fontFamilyStyle": "Regular",
        "fontWeight": 400,
        "fontSize": 36,
        "lineHeight": 44,
        "letterSpacing": 0
      }
    },
    "headline": {
      "large": {
        "fontFamilyName": "Roboto",
        "fontFamilyStyle": "Regular",
        "fontWeight": 400,
        "fontSize": 32,
        "lineHeight": 40,
        "letterSpacing": 0
      },
      "medium": {
        "fontFamilyName": "Roboto",
        "fontFamilyStyle": "Regular",
        "fontWeight": 400,
        "fontSize": 28,
        "lineHeight": 36,
        "letterSpacing": 0
      },
      "small": {
        "fontFamilyName": "Roboto",
        "fontFamilyStyle": "Regular",
        "fontWeight": 400,
        "fontSize": 24,
        "lineHeight": 32,
        "letterSpacing": 0
      }
    },
    "body": {
      "large": {
        "fontFamilyName": "Roboto",
        "fontFamilyStyle": "Regular",
        "fontWeight": 400,
        "fontSize": 16,
        "lineHeight": 24,
        "letterSpacing": 0.5
      },
      "medium": {
        "fontFamilyName": "Roboto",
        "fontFamilyStyle": "Regular",
        "fontWeight": 400,
        "fontSize": 14,
        "lineHeight": 20,
        "letterSpacing": 0.25
      },
      "small": {
        "fontFamilyName": "Roboto",
        "fontFamilyStyle": "Regular",
        "fontWeight": 400,
        "fontSize": 12,
        "lineHeight": 16,
        "letterSpacing": 0.4000000059604645
      }
    },
    "label": {
      "large": {
        "fontFamilyName": "Roboto",
        "fontFamilyStyle": "Medium",
        "fontWeight": 500,
        "fontSize": 14,
        "lineHeight": 20,
        "letterSpacing": 0.10000000149011612
      },
      "medium": {
        "fontFamilyName": "Roboto",
        "fontFamilyStyle": "Medium",
        "fontWeight": 500,
        "fontSize": 12,
        "lineHeight": 16,
        "letterSpacing": 0.5
      },
      "small": {
        "fontFamilyName": "Roboto",
        "fontFamilyStyle": "Medium",
        "fontWeight": 500,
        "fontSize": 11,
        "lineHeight": 16,
        "letterSpacing": 0.5
      }
    },
    "title": {
      "large": {
        "fontFamilyName": "Roboto",
        "fontFamilyStyle": "Regular",
        "fontWeight": 400,
        "fontSize": 22,
        "lineHeight": 28,
        "letterSpacing": 0
      },
      "medium": {
        "fontFamilyName": "Roboto",
        "fontFamilyStyle": "Medium",
        "fontWeight": 500,
        "fontSize": 16,
        "lineHeight": 24,
        "letterSpacing": 0.15000000596046448
      },
      "small": {
        "fontFamilyName": "Roboto",
        "fontFamilyStyle": "Medium",
        "fontWeight": 500,
        "fontSize": 14,
        "lineHeight": 20,
        "letterSpacing": 0.10000000149011612
      }
    }
  },
  "customColors": []
}